IPv4Address.java,src/main/java/org/jnode/net/ipv4,0.2.7/net/src/net/org/jnode/net/ipv4
IPv4ControlBlockList.java,src/main/java/org/jnode/net/ipv4,0.2.7/net/src/net/org/jnode/net/ipv4
IPv4FragmentList.java,src/main/java/org/jnode/net/ipv4,0.2.7/net/src/net/org/jnode/net/ipv4
IPv4ProtocolAddressInfo.java,src/main/java/org/jnode/net/ipv4,0.2.7/net/src/net/org/jnode/net/ipv4
IPv4RoutingTable.java,src/main/java/org/jnode/net/ipv4,0.2.7/net/src/net/org/jnode/net/ipv4
IPv4Service.java,src/main/java/org/jnode/net/ipv4,0.2.7/net/src/net/org/jnode/net/ipv4
IPv4Utils.java,src/main/java/org/jnode/net/ipv4,0.2.7/net/src/net/org/jnode/net/ipv4
IPv4IfAddress.java,src/main/java/org/jnode/net/ipv4,0.2.7/net/src/net/org/jnode/net/ipv4
IPv4Protocol.java,src/main/java/org/jnode/net/ipv4,0.2.7/net/src/net/org/jnode/net/ipv4
IPv4Route.java,src/main/java/org/jnode/net/ipv4,0.2.7/net/src/net/org/jnode/net/ipv4
IPv4ControlBlock.java,src/main/java/org/jnode/net/ipv4,0.2.7/net/src/net/org/jnode/net/ipv4
IPv4AddressAndMask.java,src/main/java/org/jnode/net/ipv4,0.2.7/net/src/net/org/jnode/net/ipv4
IPv4Constants.java,src/main/java/org/jnode/net/ipv4,0.2.7/net/src/net/org/jnode/net/ipv4
IPv4Header.java,src/main/java/org/jnode/net/ipv4,0.2.7/net/src/net/org/jnode/net/ipv4
