TCPControlBlock.java,src/main/java/org/jnode/net/ipv4/tcp,0.2.7/net/src/net/org/jnode/net/ipv4/tcp
TCPHeader.java,src/main/java/org/jnode/net/ipv4/tcp,0.2.7/net/src/net/org/jnode/net/ipv4/tcp
TCPInChannel.java,src/main/java/org/jnode/net/ipv4/tcp,0.2.7/net/src/net/org/jnode/net/ipv4/tcp
TCPOutChannel.java,src/main/java/org/jnode/net/ipv4/tcp,0.2.7/net/src/net/org/jnode/net/ipv4/tcp
TCPOutSegment.java,src/main/java/org/jnode/net/ipv4/tcp,0.2.7/net/src/net/org/jnode/net/ipv4/tcp
TCPProtocol.java,src/main/java/org/jnode/net/ipv4/tcp,0.2.7/net/src/net/org/jnode/net/ipv4/tcp
TCPSocketImpl.java,src/main/java/org/jnode/net/ipv4/tcp,0.2.7/net/src/net/org/jnode/net/ipv4/tcp
TCPSocketImplFactory.java,src/main/java/org/jnode/net/ipv4/tcp,0.2.7/net/src/net/org/jnode/net/ipv4/tcp
TCPTimer.java,src/main/java/org/jnode/net/ipv4/tcp,0.2.7/net/src/net/org/jnode/net/ipv4/tcp
TCPInputStream.java,src/main/java/org/jnode/net/ipv4/tcp,0.2.7/net/src/net/org/jnode/net/ipv4/tcp
TCPStatistics.java,src/main/java/org/jnode/net/ipv4/tcp,0.2.7/net/src/net/org/jnode/net/ipv4/tcp
TCPSegment.java,src/main/java/org/jnode/net/ipv4/tcp,0.2.7/net/src/net/org/jnode/net/ipv4/tcp
TCPUtils.java,src/main/java/org/jnode/net/ipv4/tcp,0.2.7/net/src/net/org/jnode/net/ipv4/tcp
TCPConstants.java,src/main/java/org/jnode/net/ipv4/tcp,0.2.7/net/src/net/org/jnode/net/ipv4/tcp
TCPOutputStream.java,src/main/java/org/jnode/net/ipv4/tcp,0.2.7/net/src/net/org/jnode/net/ipv4/tcp
TCPDataBuffer.java,src/main/java/org/jnode/net/ipv4/tcp,0.2.7/net/src/net/org/jnode/net/ipv4/tcp
TCPInSegment.java,src/main/java/org/jnode/net/ipv4/tcp,0.2.7/net/src/net/org/jnode/net/ipv4/tcp
TCPControlBlockList.java,src/main/java/org/jnode/net/ipv4/tcp,0.2.7/net/src/net/org/jnode/net/ipv4/tcp
