ICMPProtocol.java,src/main/java/org/jnode/net/ipv4/icmp,0.2.7/net/src/net/org/jnode/net/ipv4/icmp
ICMPUnreachableHeader.java,src/main/java/org/jnode/net/ipv4/icmp,0.2.7/net/src/net/org/jnode/net/ipv4/icmp
ICMPExHeader.java,src/main/java/org/jnode/net/ipv4/icmp,0.2.7/net/src/net/org/jnode/net/ipv4/icmp
ICMPListenerCriteria.java,src/main/java/org/jnode/net/ipv4/icmp,0.2.7/net/src/net/org/jnode/net/ipv4/icmp
ICMPStatistics.java,src/main/java/org/jnode/net/ipv4/icmp,0.2.7/net/src/net/org/jnode/net/ipv4/icmp
ICMPEchoHeader.java,src/main/java/org/jnode/net/ipv4/icmp,0.2.7/net/src/net/org/jnode/net/ipv4/icmp
ICMPUtils.java,src/main/java/org/jnode/net/ipv4/icmp,0.2.7/net/src/net/org/jnode/net/ipv4/icmp
ICMPAddressMaskHeader.java,src/main/java/org/jnode/net/ipv4/icmp,0.2.7/net/src/net/org/jnode/net/ipv4/icmp
ICMPTimestampHeader.java,src/main/java/org/jnode/net/ipv4/icmp,0.2.7/net/src/net/org/jnode/net/ipv4/icmp
ICMPHeader.java,src/main/java/org/jnode/net/ipv4/icmp,0.2.7/net/src/net/org/jnode/net/ipv4/icmp
ICMPConstants.java,src/main/java/org/jnode/net/ipv4/icmp,0.2.7/net/src/net/org/jnode/net/ipv4/icmp
ICMPListener.java,src/main/java/org/jnode/net/ipv4/icmp,0.2.7/net/src/net/org/jnode/net/ipv4/icmp
